Tick,Mode,SH5_Temp,O2,Waste_Deposit,Efficiency_AS,Barycenter,AS_Flow,Pusher_Speed
0,1,619,5,50.00,0.21,2.98,7650,50.1
1,1,619,5,50.00,0.21,2.98,7650,50.2
2,1,619,5,50.01,0.21,2.98,7650,50.3
3,1,619,5,50.01,0.21,2.98,7650,50.4
4,1,619,5,50.02,0.21,2.98,7650,50.5
5,1,619,5,50.03,0.21,2.98,7650,50.6
6,1,618,5,50.04,0.21,2.98,7650,50.7
7,1,618,5,50.06,0.21,2.98,7650,50.8
8,1,618,5.1,50.07,0.21,2.98,7650,50.9
9,1,618,5.1,50.09,0.21,2.98,7650,51.0
10,1,618,5.1,50.11,0.21,2.98,7650,51.1
11,1,618,5.1,50.13,0.21,2.98,7650,51.2
12,1,618,5.1,50.16,0.21,2.98,7650,51.3
13,1,618,5.1,50.18,0.21,2.98,7650,51.4
14,1,618,5.1,50.21,0.21,2.98,7650,51.5
15,1,618,5.1,50.24,0.21,2.98,7650,51.6
16,1,618,5.1,50.27,0.21,2.98,7650,51.7
17,1,618,5.1,50.31,0.21,2.98,7650,51.8
18,1,617,5.1,50.34,0.21,2.98,7650,51.9
19,1,617,5.1,50.38,0.21,2.98,7650,52.0
20,1,617,5.1,50.42,0.21,2.98,7650,52.1
21,1,617,5.1,50.46,0.21,2.98,7650,52.2
22,1,617,5.2,50.51,0.21,2.98,7650,52.3
23,1,617,5.2,50.55,0.21,2.98,7650,52.4
24,1,617,5.2,50.60,0.21,2.98,7650,52.5
25,1,617,5.2,50.65,0.21,2.98,7650,52.6
26,1,617,5.2,50.70,0.21,2.98,7650,52.7
27,1,617,5.2,50.76,0.21,2.98,7650,52.8
28,1,617,5.2,50.81,0.21,2.98,7650,52.9
29,1,617,5.2,50.87,0.21,2.98,7650,53.0
30,1,617,5.2,50.93,0.21,2.98,7650,53.1
31,1,617,5.2,50.99,0.21,2.98,7650,53.2
32,1,617,5.2,51.06,0.21,2.98,7650,53.3
33,1,617,5.2,51.12,0.21,2.98,7650,53.4
34,1,617,5.2,51.19,0.21,2.98,7650,53.5
35,1,617,5.2,51.26,0.21,2.98,7650,53.6
36,1,617,5.2,51.33,0.21,2.98,7650,53.7
37,1,617,5.2,51.41,0.21,2.98,7650,53.8
38,1,617,5.2,51.48,0.21,2.98,7650,53.9
39,1,617,5.2,51.56,0.21,2.98,7650,54.0
40,1,617,5.2,51.64,0.21,2.98,7650,54.1
41,1,617,5.2,51.72,0.21,2.98,7650,54.2
42,1,616,5.2,51.81,0.21,2.98,7650,54.3
43,1,616,5.2,51.89,0.21,2.98,7650,54.4
44,1,616,5.2,51.98,0.21,2.98,7650,54.5
45,1,616,5.2,52.07,0.21,2.98,7650,54.6
46,1,616,5.2,52.16,0.21,2.98,7650,54.7
47,1,616,5.2,52.26,0.21,2.98,7650,54.8
48,1,616,5.2,52.35,0.21,2.98,7650,54.9
49,1,616,5.2,52.45,0.21,2.98,7650,55.0
50,1,616,5.2,52.55,0.21,2.98,7650,55.1
51,1,616,5.2,52.65,0.21,2.98,7650,55.2
52,1,616,5.2,52.76,0.21,2.98,7650,55.3
53,1,616,5.2,52.86,0.21,2.98,7650,55.4
54,1,617,5.2,52.97,0.21,2.98,7650,55.5
55,1,617,5.2,53.08,0.21,2.98,7650,55.6
56,1,617,5.2,53.19,0.21,2.98,7650,55.7
57,1,617,5.2,53.31,0.21,2.98,7650,55.8
58,1,617,5.2,53.42,0.21,2.98,7650,55.9
59,1,617,5.2,53.54,0.21,2.98,7650,56.0
60,1,617,5.2,53.66,0.21,2.98,7650,56.1
61,1,617,5.2,53.78,0.21,2.98,7650,56.2
62,1,617,5.2,53.91,0.21,2.98,7650,56.3
63,1,617,5.2,54.03,0.21,2.98,7650,56.4
64,1,617,5.2,54.16,0.21,2.98,7650,56.5
65,1,617,5.2,54.29,0.21,2.98,7650,56.6
66,1,617,5.2,54.42,0.21,2.98,7650,56.7
67,1,617,5.2,54.56,0.21,2.98,7650,56.8
68,1,617,5.2,54.69,0.21,2.98,7650,56.9
69,1,617,5.2,54.83,0.21,2.98,7650,57.0
70,1,617,5.2,54.97,0.21,2.98,7650,57.1
71,1,617,5.2,55.11,0.21,2.98,7650,57.2
72,1,617,5.2,55.26,0.21,2.98,7650,57.3
73,1,617,5.2,55.40,0.21,2.98,7650,57.4
74,1,617,5.2,55.55,0.21,2.98,7650,57.5
75,1,617,5.1,55.70,0.21,2.98,7650,57.6
76,1,617,5.1,55.85,0.21,2.98,7650,57.7
77,1,617,5.1,56.01,0.21,2.98,7650,57.8
78,1,618,5.1,56.16,0.21,2.98,7650,57.9
79,1,618,5.1,56.32,0.21,2.98,7650,58.0
80,1,618,5.1,56.48,0.21,2.98,7650,58.1
81,1,618,5.1,56.64,0.21,2.98,7650,58.2
82,1,618,5.1,56.81,0.21,2.98,7650,58.2
83,1,618,5.1,56.97,0.21,2.98,7650,58.2
84,1,618,5.1,57.13,0.21,2.98,7650,58.2
85,1,618,5.1,57.30,0.21,2.98,7650,58.2
86,1,619,5,57.46,0.21,2.98,7650,58.2
87,1,619,5,57.63,0.21,2.98,7650,58.2
88,1,619,5,57.79,0.21,2.98,7650,58.2
89,1,619,5,57.95,0.21,2.98,7650,58.2
90,1,619,5,58.12,0.21,2.98,7650,58.2
91,1,619,5,58.28,0.21,2.98,7650,58.2
92,1,620,4.9,58.45,0.21,2.98,7650,58.2
93,1,620,4.9,58.61,0.21,2.98,7650,58.2
94,1,620,4.9,58.77,0.21,2.98,7650,58.2
95,1,620,4.9,58.94,0.21,2.98,7650,58.2
96,1,620,4.9,59.10,0.21,2.98,7650,58.2
97,1,620,4.9,59.27,0.21,2.98,7650,58.2
98,1,620,4.8,59.43,0.21,2.98,7650,58.2
99,1,621,4.8,59.59,0.21,2.98,7650,58.2
100,1,621,4.8,59.76,0.21,2.98,7650,58.2
101,1,621,4.8,59.92,0.21,2.98,7650,58.2
102,1,621,4.8,60.09,0.21,2.98,7650,58.2
103,1,621,4.8,60.25,0.21,2.98,7650,58.2
104,1,621,4.8,60.41,0.21,2.98,7650,58.2
105,1,622,4.7,60.58,0.21,2.98,7650,58.2
106,1,622,4.7,60.74,0.21,2.98,7650,58.2
107,1,622,4.7,60.91,0.21,2.98,7650,58.2
108,1,622,4.7,61.07,0.21,2.98,7650,58.2
109,1,622,4.7,61.23,0.21,2.98,7650,58.2
110,1,622,4.7,61.40,0.21,2.98,7650,58.2
111,1,623,4.6,61.56,0.21,2.98,7650,58.2
112,1,623,4.6,61.73,0.21,2.98,7650,58.2
113,1,623,4.6,61.89,0.21,2.98,7650,58.2
114,1,623,4.6,62.05,0.21,2.98,7650,58.2
115,1,623,4.6,62.22,0.21,2.98,7650,58.2
116,1,623,4.6,62.38,0.21,2.98,7650,58.2
117,1,624,4.5,62.55,0.21,2.98,7650,58.2
118,1,624,4.5,62.71,0.21,2.98,7650,58.2
119,1,624,4.5,62.87,0.21,2.98,7650,58.2
120,1,624,4.5,63.04,0.21,2.98,7650,58.2
121,1,624,4.5,63.20,0.21,2.98,7650,58.2
122,1,624,4.5,63.37,0.21,2.98,7650,58.2
123,1,625,4.4,63.53,0.21,2.98,7650,58.2
124,1,625,4.4,63.69,0.21,2.98,7650,58.2
125,1,625,4.4,63.86,0.21,2.98,7650,58.2
126,1,625,4.4,64.02,0.21,2.98,7650,58.2
127,1,625,4.4,64.19,0.21,2.98,7650,58.2
128,1,625,4.4,64.35,0.21,2.98,7650,58.2
129,1,626,4.3,64.51,0.21,2.98,7650,58.2
130,1,626,4.3,64.68,0.21,2.98,7650,58.2
131,1,626,4.3,64.84,0.21,2.98,7650,58.2
132,1,626,4.3,65.01,0.21,2.98,7650,58.2
133,1,626,4.3,65.17,0.21,2.98,7650,58.2
134,1,626,4.3,65.33,0.21,2.98,7650,58.2
135,1,627,4.3,65.50,0.21,2.98,7650,58.2
136,1,627,4.2,65.66,0.21,2.98,7650,58.2
137,1,627,4.2,65.83,0.21,2.98,7650,58.2
138,1,627,4.2,65.99,0.21,2.98,7650,58.2
139,1,627,4.2,66.15,0.21,2.98,7650,58.2
140,1,627,4.2,66.32,0.21,2.98,7650,58.2
141,1,628,4.2,66.48,0.21,2.98,7650,58.2
142,1,628,4.1,66.65,0.21,2.98,7650,58.2
143,1,628,4.1,66.81,0.21,2.98,7650,58.2
144,1,628,4.1,66.97,0.21,2.98,7650,58.2
145,1,628,4.1,67.14,0.21,2.98,7650,58.2
146,1,628,4.1,67.30,0.21,2.98,7650,58.2
147,1,629,4.1,67.47,0.21,2.98,7650,58.2
148,1,629,4,67.63,0.21,2.98,7650,58.2
149,1,629,4,67.79,0.21,2.98,7650,58.2
150,1,629,4,67.96,0.21,2.98,7650,58.2
151,1,629,4,68.12,0.21,2.98,7650,58.2
152,1,629,4,68.29,0.21,2.98,7650,58.2
153,1,630,4,68.45,0.21,2.98,7650,58.2
154,1,630,3.9,68.61,0.21,2.98,7650,58.2
155,1,630,3.9,68.78,0.21,2.98,7650,58.2
156,1,630,3.9,68.94,0.21,2.98,7650,58.2
157,1,630,3.9,69.11,0.21,2.98,7650,58.2
158,1,630,3.9,69.27,0.21,2.98,7650,58.2
159,1,630,3.9,69.43,0.21,2.98,7650,58.2
160,1,631,3.8,69.60,0.21,2.98,7650,58.2
161,1,631,3.8,69.76,0.21,2.98,7650,58.2
162,1,631,3.8,69.93,0.21,2.98,7650,58.2
163,1,631,3.8,70.09,0.21,2.98,7650,58.2
164,1,631,3.8,70.25,0.21,2.98,7650,58.2
165,1,631,3.8,70.42,0.21,2.98,7650,58.2
166,1,632,3.8,70.58,0.21,2.98,7650,58.2
167,1,632,3.7,70.75,0.21,2.98,7650,58.2
168,1,632,3.7,70.91,0.21,2.98,7650,58.2
169,1,632,3.7,71.07,0.21,2.98,7650,58.2
170,1,632,3.7,71.24,0.21,2.98,7650,58.2
171,1,632,3.7,71.40,0.21,2.98,7650,58.2
172,1,633,3.7,71.57,0.21,2.98,7650,58.2
173,1,633,3.6,71.73,0.21,2.98,7650,58.2
174,1,633,3.6,71.89,0.21,2.98,7650,58.2
175,1,633,3.6,72.06,0.21,2.98,7650,58.2
176,1,633,3.6,72.22,0.21,2.98,7650,58.2
177,1,633,3.6,72.39,0.21,2.98,7650,58.2
178,1,634,3.6,72.55,0.21,2.98,7650,58.2
179,1,634,3.5,72.71,0.21,2.98,7650,58.2
180,1,634,3.5,72.88,0.21,2.98,7650,58.2
181,1,634,3.5,73.04,0.21,2.98,7650,58.2
182,1,634,3.5,73.21,0.21,2.98,7650,58.2
183,1,634,3.5,73.37,0.21,2.98,7650,58.2
184,1,635,3.5,73.53,0.21,2.98,7650,58.2
185,1,635,3.4,73.70,0.21,2.98,7650,58.2
186,1,635,3.4,73.86,0.21,2.98,7650,58.2
187,1,635,3.4,74.03,0.21,2.98,7650,58.2
188,1,635,3.4,74.19,0.21,2.98,7650,58.2
189,1,635,3.4,74.35,0.21,2.98,7650,58.2
190,1,636,3.4,74.52,0.21,2.98,7650,58.2
191,1,636,3.3,74.68,0.21,2.98,7650,58.2
192,1,636,3.3,74.85,0.21,2.98,7650,58.2
193,1,636,3.3,75.01,0.21,2.98,7650,58.2
194,1,636,3.3,75.17,0.21,2.98,7650,58.2
195,1,636,3.3,75.34,0.21,2.98,7650,58.2
196,1,637,3.3,75.50,0.21,2.98,7650,58.2
197,1,637,3.3,75.67,0.21,2.98,7650,58.2
198,1,637,3.2,75.83,0.21,2.98,7650,58.2
199,1,637,3.2,75.99,0.21,2.98,7650,58.2
200,1,637,3.2,76.16,0.21,2.98,7650,58.2
201,1,637,3.2,76.32,0.21,2.98,7650,58.2
202,1,638,3.2,76.49,0.21,2.98,7650,58.2
203,1,638,3.2,76.65,0.21,2.98,7650,58.2
204,1,638,3.1,76.81,0.21,2.98,7650,57.7
205,1,638,3.1,76.97,0.21,2.98,7650,57.2
206,1,639,3,77.11,0.21,2.98,7650,56.7
207,1,640,2.9,77.25,0.21,2.98,7650,56.2
208,1,640,2.8,77.37,0.21,2.98,7650,55.7
209,1,641,2.7,77.48,0.21,2.98,7650,55.2
210,1,641,2.6,77.59,0.21,2.98,7650,54.7
211,1,642,2.6,77.68,0.21,2.98,7650,54.2
212,1,642,2.5,77.77,0.21,2.98,7650,53.7
213,1,643,2.4,77.84,0.21,2.98,7650,53.2
214,1,644,2.3,77.90,0.21,2.98,7650,52.7
215,1,644,2.2,77.96,0.21,2.98,7650,52.2
216,1,645,2.1,78.00,0.21,2.98,7650,51.7
217,1,645,2.1,78.04,0.21,2.98,7650,51.2
218,1,646,2,78.06,0.21,2.98,7650,50.7
219,1,646,1.9,78.07,0.21,2.98,7650,50.2
220,1,647,1.8,78.08,0.21,2.98,7650,49.7
221,1,648,1.7,78.07,0.21,2.98,7650,49.2
222,1,648,1.6,78.06,0.21,2.98,7650,48.7
223,1,649,1.5,78.03,0.21,2.98,7650,48.2
224,1,649,1.4,77.99,0.21,2.98,7650,47.7
225,1,650,1.3,77.95,0.21,2.98,7650,47.2
226,1,650,1.2,77.89,0.21,2.98,7650,46.7
227,1,651,1.2,77.83,0.21,2.98,7650,46.2
228,1,652,1.1,77.75,0.21,2.98,7650,45.7
229,1,652,1,77.66,0.21,2.98,7650,45.2
230,1,653,0.9,77.57,0.21,2.98,7650,44.7
231,1,653,0.8,77.46,0.21,2.98,7650,44.2
232,1,654,0.7,77.35,0.21,2.98,7650,43.7
233,1,655,0.6,77.22,0.21,2.98,7650,43.2
234,1,655,0.5,77.08,0.21,2.98,7650,42.7
235,1,656,0.5,76.94,0.21,2.98,7650,42.2
236,1,656,0.5,76.78,0.21,2.98,7650,41.7
237,1,657,0.5,76.62,0.21,2.98,7650,41.7
238,1,657,0.5,76.45,0.21,2.98,7650,41.7
239,1,657,0.5,76.28,0.21,2.98,7650,41.7
240,2,657,0.5,76.12,0.21,2.98,7650,41.7
241,2,643,0.9,75.95,0.29,2.98,11698,41.7
242,2,642,1,75.79,0.29,2.98,11698,41.7
243,2,642,1,75.62,0.29,2.98,11698,41.7
244,2,642,1,75.45,0.29,2.98,11698,41.7
245,2,642,1,75.29,0.29,2.98,11698,41.7
246,2,642,1,75.12,0.29,2.98,11698,41.7
247,2,642,1.1,74.96,0.29,2.98,11698,41.7
248,2,641,1.1,74.79,0.29,2.98,11698,41.7
249,2,641,1.1,74.62,0.29,2.98,11698,41.7
250,2,641,1.1,74.46,0.29,2.98,11698,41.7
251,2,641,1.2,74.29,0.29,2.98,11698,41.7
252,2,641,1.2,74.13,0.29,2.98,11698,41.7
253,2,641,1.2,73.96,0.29,2.98,11698,41.7
254,2,640,1.2,73.79,0.29,2.98,11698,41.7
255,2,640,1.3,73.63,0.29,2.98,11698,41.7
256,2,640,1.3,73.46,0.29,2.98,11698,41.7
257,2,640,1.3,73.30,0.29,2.98,11698,41.7
258,2,640,1.3,73.13,0.29,2.98,11698,41.7
259,2,640,1.3,72.96,0.29,2.98,11698,41.7
260,2,639,1.4,72.80,0.29,2.98,11698,41.7
261,2,639,1.4,72.63,0.29,2.98,11698,41.7
262,2,639,1.4,72.47,0.29,2.98,11698,41.7
263,2,639,1.4,72.30,0.29,2.98,11698,41.7
264,2,639,1.5,72.13,0.29,2.98,11698,41.7
265,2,639,1.5,71.97,0.29,2.98,11698,41.7
266,2,638,1.5,71.80,0.29,2.98,11698,41.7
267,2,638,1.5,71.64,0.29,2.98,11698,41.7
268,2,638,1.5,71.47,0.29,2.98,11698,41.7
269,2,638,1.6,71.30,0.29,2.98,11698,41.7
270,2,638,1.6,71.14,0.29,2.98,11698,41.7
271,2,638,1.6,70.97,0.29,2.98,11698,41.7
272,2,637,1.6,70.81,0.29,2.98,11698,41.7
273,2,637,1.7,70.64,0.29,2.98,11698,41.7
274,2,637,1.7,70.47,0.29,2.98,11698,41.7
275,2,637,1.7,70.31,0.29,2.98,11698,41.7
276,2,637,1.7,70.14,0.29,2.98,11698,41.7
277,2,637,1.8,69.98,0.29,2.98,11698,41.7
278,2,636,1.8,69.81,0.29,2.98,11698,41.7
279,2,636,1.8,69.64,0.29,2.98,11698,41.7
280,2,636,1.8,69.48,0.29,2.98,11698,41.7
281,2,636,1.8,69.31,0.29,2.98,11698,41.7
282,2,636,1.9,69.15,0.29,2.98,11698,41.7
283,2,636,1.9,68.98,0.29,2.98,11698,41.7
284,2,635,1.9,68.81,0.29,2.98,11698,41.7
285,2,635,1.9,68.65,0.29,2.98,11698,41.7
286,2,635,2,68.48,0.29,2.98,11698,41.7
287,2,635,2,68.32,0.29,2.98,11698,41.7
288,2,635,2,68.15,0.29,2.98,11698,41.7
289,2,635,2,67.98,0.29,2.98,11698,41.7
290,2,634,2,67.82,0.29,2.98,11698,41.7
291,2,634,2.1,67.65,0.29,2.98,11698,41.7
292,2,634,2.1,67.49,0.29,2.98,11698,41.7
293,2,634,2.1,67.32,0.29,2.98,11698,41.7
294,2,634,2.1,67.15,0.29,2.98,11698,41.7
295,2,634,2.2,66.99,0.29,2.98,11698,41.7
296,2,633,2.2,66.82,0.29,2.98,11698,41.7
297,2,633,2.2,66.66,0.29,2.98,11698,41.7
298,2,633,2.2,66.49,0.29,2.98,11698,41.7
299,2,633,2.3,66.32,0.29,2.98,11698,41.7
300,2,633,2.3,66.16,0.29,2.98,11698,41.7
301,2,633,2.3,65.99,0.29,2.98,11698,41.7
302,2,632,2.3,65.83,0.29,2.98,11698,41.7
303,2,632,2.3,65.66,0.29,2.98,11698,41.7
304,2,632,2.4,65.49,0.29,2.98,11698,41.7
305,2,632,2.4,65.33,0.29,2.98,11698,41.7
306,2,632,2.4,65.16,0.29,2.98,11698,41.7
307,2,632,2.4,65.00,0.29,2.98,11698,41.7
308,2,631,2.5,64.83,0.29,2.98,11698,41.7
309,2,631,2.5,64.66,0.29,2.98,11698,41.7
310,2,631,2.5,64.50,0.29,2.98,11698,41.7
311,2,631,2.5,64.33,0.29,2.98,11698,41.7
312,2,631,2.5,64.17,0.29,2.98,11698,41.7
313,2,631,2.6,64.00,0.29,2.98,11698,41.7
314,2,631,2.6,63.83,0.29,2.98,11698,41.7
315,2,630,2.6,63.67,0.29,2.98,11698,41.7
316,2,630,2.6,63.50,0.29,2.98,11698,41.7
317,2,630,2.7,63.34,0.29,2.98,11698,41.7
318,2,630,2.7,63.17,0.29,2.98,11698,41.7
319,2,630,2.7,63.00,0.29,2.98,11698,41.7
320,2,630,2.7,62.84,0.29,2.98,11698,41.7
321,2,629,2.8,62.67,0.29,2.98,11698,41.7
322,2,629,2.8,62.51,0.29,2.98,11698,41.7
323,2,629,2.8,62.34,0.29,2.98,11698,41.7
324,2,629,2.8,62.17,0.29,2.98,11698,41.7
325,2,629,2.8,62.01,0.29,2.98,11698,41.7
326,2,629,2.9,61.84,0.29,2.98,11698,41.7
327,2,628,2.9,61.68,0.29,2.98,11698,41.7
328,2,628,2.9,61.51,0.29,2.98,11698,41.7
329,2,628,2.9,61.34,0.29,2.98,11698,41.7
330,2,628,3,61.18,0.29,2.98,11698,41.7
331,2,628,3,61.01,0.29,2.98,11698,41.7
332,2,628,3,60.85,0.29,2.98,11698,41.7
333,2,627,3,60.68,0.29,2.98,11698,41.7
334,2,627,3.1,60.51,0.29,2.98,11698,41.7
335,2,627,3.1,60.35,0.29,2.98,11698,41.7
336,2,627,3.1,60.18,0.29,2.98,11698,41.7
337,2,627,3.1,60.02,0.29,2.98,11698,41.7
338,2,627,3.1,59.85,0.29,2.98,11698,41.7
339,2,626,3.2,59.68,0.29,2.98,11698,41.7
340,2,626,3.2,59.52,0.29,2.98,11698,41.7
341,2,626,3.2,59.35,0.29,2.98,11698,41.7
342,2,626,3.2,59.19,0.29,2.98,11698,41.7
343,2,626,3.3,59.02,0.29,2.98,11698,41.7
344,2,626,3.3,58.85,0.29,2.98,11698,41.7
345,2,625,3.3,58.69,0.29,2.98,11698,41.7
346,2,625,3.3,58.52,0.29,2.98,11698,41.7
347,2,625,3.3,58.36,0.29,2.98,11698,41.7
348,2,625,3.4,58.19,0.29,2.98,11698,41.7
349,2,625,3.4,58.02,0.29,2.98,11698,41.7
350,2,625,3.4,57.86,0.29,2.98,11698,41.7
351,2,624,3.4,57.69,0.29,2.98,11698,41.7
352,2,624,3.5,57.53,0.29,2.98,11698,41.7
353,2,624,3.5,57.36,0.29,2.98,11698,41.7
354,2,624,3.5,57.19,0.29,2.98,11698,41.7
355,2,624,3.5,57.03,0.29,2.98,11698,41.7
356,2,624,3.6,56.86,0.29,2.98,11698,41.7
357,2,623,3.6,56.70,0.29,2.98,11698,41.7
358,2,623,3.6,56.53,0.29,2.98,11698,41.8
359,2,623,3.6,56.37,0.29,2.98,11698,41.9
360,2,623,3.7,56.20,0.29,2.98,11698,42.0
361,2,622,3.7,56.04,0.29,2.98,11698,42.1
362,2,622,3.8,55.89,0.29,2.98,11698,42.2
363,2,622,3.8,55.73,0.29,2.98,11698,42.3
364,2,621,3.8,55.58,0.29,2.98,11698,42.4
365,2,621,3.9,55.42,0.29,2.98,11698,42.5
366,2,621,3.9,55.27,0.29,2.98,11698,42.6
367,2,620,4,55.13,0.29,2.98,11698,42.7
368,2,620,4,54.98,0.29,2.98,11698,42.8
369,2,620,4,54.84,0.29,2.98,11698,42.9
370,2,619,4.1,54.69,0.29,2.98,11698,43.0
371,2,619,4.1,54.55,0.29,2.98,11698,43.1
372,2,619,4.1,54.42,0.29,2.98,11698,43.2
373,2,619,4.2,54.28,0.29,2.98,11698,43.3
374,2,618,4.2,54.15,0.29,2.98,11698,43.4
375,2,618,4.2,54.01,0.29,2.98,11698,43.5
376,2,618,4.3,53.88,0.29,2.98,11698,43.6
377,2,617,4.3,53.76,0.29,2.98,11698,43.7
378,2,617,4.3,53.63,0.29,2.98,11698,43.8
379,2,617,4.4,53.51,0.29,2.98,11698,43.9
380,2,617,4.4,53.38,0.29,2.98,11698,44.0
381,2,616,4.4,53.26,0.29,2.98,11698,44.1
382,2,616,4.5,53.15,0.29,2.98,11698,44.2
383,2,616,4.5,53.03,0.29,2.98,11698,44.3
384,2,616,4.5,52.92,0.29,2.98,11698,44.4
385,2,615,4.5,52.80,0.29,2.98,11698,44.5
386,2,615,4.6,52.69,0.29,2.98,11698,44.6
387,2,615,4.6,52.59,0.29,2.98,11698,44.7
388,2,615,4.6,52.48,0.29,2.98,11698,44.8
389,2,614,4.7,52.38,0.29,2.98,11698,44.9
390,2,614,4.7,52.27,0.29,2.98,11698,45.0
391,2,614,4.7,52.17,0.29,2.98,11698,45.1
392,2,614,4.7,52.08,0.29,2.98,11698,45.2
393,2,613,4.8,51.98,0.29,2.98,11698,45.3
394,2,613,4.8,51.89,0.29,2.98,11698,45.4
395,2,613,4.8,51.79,0.29,2.98,11698,45.5
396,2,613,4.9,51.70,0.29,2.98,11698,45.6
397,2,612,4.9,51.62,0.29,2.98,11698,45.7
398,2,612,4.9,51.53,0.29,2.98,11698,45.8
399,2,612,4.9,51.45,0.29,2.98,11698,45.9
400,2,612,5,51.36,0.29,2.98,11698,46.0
401,2,612,5,51.28,0.29,2.98,11698,46.1
402,2,611,5,51.21,0.29,2.98,11698,46.2
403,2,611,5,51.13,0.29,2.98,11698,46.3
404,2,611,5,51.06,0.29,2.98,11698,46.4
405,2,611,5.1,50.98,0.29,2.98,11698,46.5
406,2,610,5.1,50.91,0.29,2.98,11698,46.6
407,2,610,5.1,50.85,0.29,2.98,11698,46.7
408,2,610,5.1,50.78,0.29,2.98,11698,46.8
409,2,610,5.2,50.72,0.29,2.98,11698,46.9
410,2,610,5.2,50.65,0.29,2.98,11698,47.0
411,2,610,5.2,50.59,0.29,2.98,11698,47.1
412,2,609,5.2,50.54,0.29,2.98,11698,47.2
413,2,609,5.2,50.48,0.29,2.98,11698,47.3
414,2,609,5.3,50.43,0.29,2.98,11698,47.4
415,2,609,5.3,50.37,0.29,2.98,11698,47.5
416,2,609,5.3,50.32,0.29,2.98,11698,47.6
417,2,608,5.3,50.28,0.29,2.98,11698,47.7
418,2,608,5.3,50.23,0.29,2.98,11698,47.8
419,2,608,5.3,50.19,0.29,2.98,11698,47.9
420,2,608,5.4,50.14,0.29,2.98,11698,48.0
421,2,608,5.4,50.10,0.29,2.98,11698,48.1
422,2,608,5.4,50.07,0.29,2.98,11698,48.2
423,2,607,5.4,50.03,0.29,2.98,11698,48.3
424,2,607,5.4,50.00,0.29,2.98,11698,48.4
425,2,607,5.4,49.96,0.29,2.98,11698,48.5
426,2,607,5.5,49.93,0.29,2.98,11698,48.6
427,2,607,5.5,49.91,0.29,2.98,11698,48.7
428,2,607,5.5,49.88,0.29,2.98,11698,48.8
429,2,607,5.5,49.86,0.29,2.98,11698,48.9
430,2,606,5.5,49.83,0.29,2.98,11698,49.0
431,2,606,5.5,49.81,0.29,2.98,11698,49.1
432,2,606,5.6,49.80,0.29,2.98,11698,49.2
433,2,606,5.6,49.78,0.29,2.98,11698,49.3
434,2,606,5.6,49.77,0.29,2.98,11698,49.4
435,2,606,5.6,49.75,0.29,2.98,11698,49.5
436,2,606,5.6,49.74,0.29,2.98,11698,49.6
437,2,605,5.6,49.74,0.29,2.98,11698,49.7
438,2,605,5.6,49.73,0.29,2.98,11698,49.8
439,2,605,5.6,49.73,0.29,2.98,11698,49.9
440,2,605,5.7,49.72,0.29,2.98,11698,50.0
441,2,605,5.7,49.72,0.29,2.98,11698,50.1
442,2,605,5.7,49.73,0.29,2.98,11698,50.2
443,2,605,5.7,49.73,0.29,2.98,11698,50.3
444,2,605,5.7,49.74,0.29,2.98,11698,50.4
445,2,605,5.7,49.74,0.29,2.98,11698,50.5
446,2,604,5.7,49.75,0.29,2.98,11698,50.6
447,2,604,5.7,49.77,0.29,2.98,11698,50.7
448,2,604,5.7,49.78,0.29,2.98,11698,50.8
449,2,604,5.7,49.80,0.29,2.98,11698,50.9
450,2,604,5.8,49.81,0.29,2.98,11698,51.0
451,2,604,5.8,49.83,0.29,2.98,11698,51.1
452,2,604,5.8,49.86,0.29,2.98,11698,51.2
453,2,604,5.8,49.88,0.29,2.98,11698,51.3
454,2,604,5.8,49.91,0.29,2.98,11698,51.4
455,2,604,5.8,49.93,0.29,2.98,11698,51.5
456,2,604,5.8,49.96,0.29,2.98,11698,51.6
457,2,603,5.8,50.00,0.29,2.98,11698,51.7
458,2,603,5.8,50.03,0.29,2.98,11698,51.8
459,2,603,5.8,50.07,0.29,2.98,11698,51.9
460,2,603,5.8,50.10,0.29,2.98,11698,52.0
461,2,603,5.8,50.14,0.29,2.98,11698,52.1
462,2,603,5.8,50.19,0.29,2.98,11698,52.2
463,2,603,5.8,50.23,0.29,2.98,11698,52.3
464,2,603,5.9,50.28,0.29,2.98,11698,52.4
465,2,603,5.9,50.32,0.29,2.98,11698,52.5
466,2,603,5.9,50.37,0.29,2.98,11698,52.6
467,2,603,5.9,50.43,0.29,2.98,11698,52.7
468,2,603,5.9,50.48,0.29,2.98,11698,52.8
469,2,603,5.9,50.54,0.29,2.98,11698,52.9
470,2,603,5.9,50.59,0.29,2.98,11698,53.0
471,2,603,5.9,50.65,0.29,2.98,11698,53.1
472,2,603,5.9,50.72,0.29,2.98,11698,53.2
473,2,603,5.9,50.78,0.29,2.98,11698,53.3
474,2,603,5.9,50.85,0.29,2.98,11698,53.4
475,2,603,5.9,50.91,0.29,2.98,11698,53.5
476,2,603,5.9,50.98,0.29,2.98,11698,53.6
477,2,602,5.9,51.06,0.29,2.98,11698,53.7
478,2,602,5.9,51.13,0.29,2.98,11698,53.8
479,2,602,5.9,51.21,0.29,2.98,11698,53.9
480,2,602,5.9,51.28,0.29,2.98,11698,54.0
481,2,602,5.9,51.36,0.29,2.98,11698,54.1
482,2,602,5.9,51.45,0.29,2.98,11698,54.2
483,2,602,5.9,51.53,0.29,2.98,11698,54.3
484,2,602,5.9,51.62,0.29,2.98,11698,54.4
485,2,602,5.9,51.70,0.29,2.98,11698,54.5
486,2,602,5.9,51.79,0.29,2.98,11698,54.6
487,2,602,5.9,51.89,0.29,2.98,11698,54.7
488,2,602,5.9,51.98,0.29,2.98,11698,54.8
489,2,602,5.9,52.08,0.29,2.98,11698,54.9
490,2,602,5.9,52.17,0.29,2.98,11698,55.0
491,2,602,5.9,52.27,0.29,2.98,11698,55.1
492,2,602,5.9,52.38,0.29,2.98,11698,55.2
493,2,602,5.9,52.48,0.29,2.98,11698,55.3
494,2,602,5.9,52.59,0.29,2.98,11698,55.4
495,2,602,5.9,52.69,0.29,2.98,11698,55.5
496,2,602,5.9,52.80,0.29,2.98,11698,55.6
497,2,602,5.9,52.92,0.29,2.98,11698,55.7
498,2,602,5.9,53.03,0.29,2.98,11698,55.8
499,2,602,5.9,53.15,0.29,2.98,11698,55.9
500,2,603,5.9,53.26,0.29,2.98,11698,56.0
501,2,603,5.9,53.38,0.29,2.98,11698,56.1
502,2,603,5.9,53.51,0.29,2.98,11698,56.2
503,2,603,5.9,53.63,0.29,2.98,11698,56.3
504,2,603,5.9,53.76,0.29,2.98,11698,56.4
505,2,603,5.9,53.88,0.29,2.98,11698,56.5
506,2,603,5.9,54.01,0.29,2.98,11698,56.6
507,2,603,5.9,54.15,0.29,2.98,11698,56.7
508,2,603,5.9,54.28,0.29,2.98,11698,56.8
509,2,603,5.9,54.42,0.29,2.98,11698,56.9
510,2,603,5.9,54.55,0.29,2.98,11698,57.0
511,2,603,5.9,54.69,0.29,2.98,11698,57.1
512,2,603,5.9,54.84,0.29,2.98,11698,57.2
513,2,603,5.9,54.98,0.29,2.98,11698,57.3
514,2,603,5.8,55.13,0.29,2.98,11698,57.4
515,2,603,5.8,55.27,0.29,2.98,11698,57.5
516,2,603,5.8,55.42,0.29,2.98,11698,57.6
517,2,603,5.8,55.58,0.29,2.98,11698,57.7
518,2,603,5.8,55.73,0.29,2.98,11698,57.8
519,2,603,5.8,55.89,0.29,2.98,11698,57.9
520,2,604,5.8,56.04,0.29,2.98,11698,58.0
521,2,604,5.8,56.20,0.29,2.98,11698,58.1
522,2,604,5.8,56.37,0.29,2.98,11698,58.2
523,2,604,5.8,56.53,0.29,2.98,11698,58.3
524,2,604,5.8,56.70,0.29,2.98,11698,58.3
525,2,604,5.8,56.86,0.29,2.98,11698,58.3
526,2,604,5.8,57.03,0.29,2.98,11698,58.3
527,2,604,5.7,57.19,0.29,2.98,11698,58.3
528,2,604,5.7,57.36,0.29,2.98,11698,58.3
529,2,605,5.7,57.53,0.29,2.98,11698,58.3
530,2,605,5.7,57.69,0.29,2.98,11698,58.3
531,2,605,5.7,57.86,0.29,2.98,11698,58.3
532,2,605,5.7,58.02,0.29,2.98,11698,58.3
533,2,605,5.6,58.19,0.29,2.98,11698,58.3
534,2,605,5.6,58.36,0.29,2.98,11698,58.3
535,2,606,5.6,58.52,0.29,2.98,11698,58.3
536,2,606,5.6,58.69,0.29,2.98,11698,58.3
537,2,606,5.6,58.85,0.29,2.98,11698,58.3
538,2,606,5.6,59.02,0.29,2.98,11698,58.3
539,2,606,5.5,59.19,0.29,2.98,11698,58.3
540,2,606,5.5,59.35,0.29,2.98,11698,58.3
541,2,607,5.5,59.52,0.29,2.98,11698,58.3
542,2,607,5.5,59.68,0.29,2.98,11698,58.3
543,2,607,5.5,59.85,0.29,2.98,11698,58.3
544,2,607,5.5,60.02,0.29,2.98,11698,58.3
545,2,607,5.4,60.18,0.29,2.98,11698,58.3
546,2,607,5.4,60.35,0.29,2.98,11698,58.3
547,2,608,5.4,60.51,0.29,2.98,11698,58.3
548,2,608,5.4,60.68,0.29,2.98,11698,58.3
549,2,608,5.4,60.85,0.29,2.98,11698,58.3
550,2,608,5.4,61.01,0.29,2.98,11698,58.3
551,2,608,5.4,61.18,0.29,2.98,11698,58.3
552,2,608,5.3,61.34,0.29,2.98,11698,58.3
553,2,609,5.3,61.51,0.29,2.98,11698,58.3
554,2,609,5.3,61.68,0.29,2.98,11698,58.3
555,2,609,5.3,61.84,0.29,2.98,11698,58.3
556,2,609,5.3,62.01,0.29,2.98,11698,58.3
557,2,609,5.3,62.17,0.29,2.98,11698,58.3
558,2,609,5.2,62.34,0.29,2.98,11698,58.3
559,2,610,5.2,62.51,0.29,2.98,11698,58.3
560,2,610,5.2,62.67,0.29,2.98,11698,58.3
561,2,610,5.2,62.84,0.29,2.98,11698,58.3
562,2,610,5.2,63.00,0.29,2.98,11698,58.3
563,2,610,5.2,63.17,0.29,2.98,11698,58.3
564,2,610,5.1,63.34,0.29,2.98,11698,58.3
565,2,611,5.1,63.50,0.29,2.98,11698,58.3
566,2,611,5.1,63.67,0.29,2.98,11698,58.3
567,2,611,5.1,63.83,0.29,2.98,11698,58.3
568,2,611,5.1,64.00,0.29,2.98,11698,58.3
569,2,611,5.1,64.17,0.29,2.98,11698,58.3
570,2,611,5,64.33,0.29,2.98,11698,58.3
571,2,612,5,64.50,0.29,2.98,11698,58.3
572,2,612,5,64.66,0.29,2.98,11698,58.3
573,2,612,5,64.83,0.29,2.98,11698,58.3
574,2,612,5,65.00,0.29,2.98,11698,58.3
575,2,612,5,65.16,0.29,2.98,11698,58.3
576,2,612,4.9,65.33,0.29,2.98,11698,58.3
577,2,613,4.9,65.49,0.29,2.98,11698,58.3
578,2,613,4.9,65.66,0.29,2.98,11698,58.3
579,2,613,4.9,65.83,0.29,2.98,11698,58.3
580,2,613,4.9,65.99,0.29,2.98,11698,58.3
581,2,613,4.9,66.16,0.29,2.98,11698,58.3
582,2,613,4.8,66.32,0.29,2.98,11698,58.3
583,2,614,4.8,66.49,0.29,2.98,11698,58.3
584,2,614,4.8,66.66,0.29,2.98,11698,58.3
585,2,614,4.8,66.82,0.29,2.98,11698,58.3
586,2,614,4.8,66.99,0.29,2.98,11698,58.3
587,2,614,4.8,67.15,0.29,2.98,11698,58.3
588,2,614,4.7,67.32,0.29,2.98,11698,58.3
589,2,615,4.7,67.49,0.29,2.98,11698,58.3
590,2,615,4.7,67.65,0.29,2.98,11698,58.3
591,2,615,4.7,67.82,0.29,2.98,11698,58.3
592,2,615,4.7,67.98,0.29,2.98,11698,58.3
593,2,615,4.7,68.15,0.29,2.98,11698,58.3
594,2,615,4.6,68.32,0.29,2.98,11698,58.3
595,2,616,4.6,68.48,0.29,2.98,11698,58.3
596,2,616,4.6,68.65,0.29,2.98,11698,58.3
597,2,616,4.6,68.81,0.29,2.98,11698,58.3
598,2,616,4.6,68.98,0.29,2.98,11698,58.3
599,2,616,4.6,69.15,0.29,2.98,11698,58.3
600,2,616,4.6,69.31,0.29,2.98,11698,58.3
601,2,617,4.5,69.48,0.29,2.98,11698,58.3
602,2,617,4.5,69.64,0.29,2.98,11698,58.3
603,2,617,4.5,69.81,0.29,2.98,11698,58.3
604,2,617,4.5,69.98,0.29,2.98,11698,58.3
605,2,617,4.5,70.14,0.29,2.98,11698,58.3
606,2,617,4.5,70.31,0.29,2.98,11698,58.3
607,2,618,4.4,70.47,0.29,2.98,11698,58.3
608,2,618,4.4,70.64,0.29,2.98,11698,58.3
609,2,618,4.4,70.81,0.29,2.98,11698,58.3
610,2,618,4.4,70.97,0.29,2.98,11698,58.3
611,2,618,4.4,71.14,0.29,2.98,11698,58.3
612,2,618,4.4,71.30,0.29,2.98,11698,58.3
613,2,619,4.3,71.47,0.29,2.98,11698,58.3
614,2,619,4.3,71.64,0.29,2.98,11698,58.3
615,2,619,4.3,71.80,0.29,2.98,11698,58.3
616,2,619,4.3,71.97,0.29,2.98,11698,58.3
617,2,619,4.3,72.13,0.29,2.98,11698,58.3
618,2,619,4.3,72.30,0.29,2.98,11698,58.3
619,2,620,4.2,72.47,0.29,2.98,11698,58.3
620,2,620,4.2,72.63,0.29,2.98,11698,58.3
621,2,620,4.2,72.80,0.29,2.98,11698,58.3
622,2,620,4.2,72.96,0.29,2.98,11698,58.3
623,2,620,4.2,73.13,0.29,2.98,11698,58.3
624,2,620,4.2,73.30,0.29,2.98,11698,58.3
625,2,621,4.1,73.46,0.29,2.98,11698,58.3
626,2,621,4.1,73.63,0.29,2.98,11698,58.3
627,2,621,4.1,73.79,0.29,2.98,11698,58.3
628,2,621,4.1,73.96,0.29,2.98,11698,58.3
629,2,621,4.1,74.13,0.29,2.98,11698,58.3
630,2,621,4.1,74.29,0.29,2.98,11698,58.3
631,2,622,4,74.46,0.29,2.98,11698,58.3
632,2,622,4,74.62,0.29,2.98,11698,58.3
633,2,622,4,74.79,0.29,2.98,11698,58.3
634,2,622,4,74.96,0.29,2.98,11698,58.3
635,2,622,4,75.12,0.29,2.98,11698,58.3
636,2,622,4,75.29,0.29,2.98,11698,58.3
637,2,623,3.9,75.45,0.29,2.98,11698,58.3
638,2,623,3.9,75.62,0.29,2.98,11698,58.3
639,2,623,3.9,75.79,0.29,2.98,11698,58.3
640,2,623,3.9,75.95,0.29,2.98,11698,58.3
641,2,623,3.9,76.12,0.29,2.98,11698,58.3
642,2,623,3.9,76.28,0.29,2.98,11698,58.3
643,2,624,3.9,76.45,0.29,2.98,11698,58.3
644,2,624,3.8,76.62,0.29,2.98,11698,58.3
645,2,624,3.8,76.78,0.29,2.98,11698,57.8
646,2,624,3.7,76.94,0.29,2.98,11698,57.3
647,2,625,3.7,77.08,0.29,2.98,11698,56.8
648,2,626,3.6,77.22,0.29,2.98,11698,56.3
649,2,626,3.5,77.35,0.29,2.98,11698,55.8
650,2,627,3.4,77.46,0.29,2.98,11698,55.3
651,2,627,3.3,77.57,0.29,2.98,11698,54.8
652,2,628,3.2,77.66,0.29,2.98,11698,54.3
653,2,628,3.2,77.75,0.29,2.98,11698,53.8
654,2,629,3.1,77.83,0.29,2.98,11698,53.3
655,2,630,3,77.89,0.29,2.98,11698,52.8
656,2,630,2.9,77.95,0.29,2.98,11698,52.3
657,2,631,2.8,77.99,0.29,2.98,11698,51.8
658,2,631,2.7,78.03,0.29,2.98,11698,51.3
659,2,632,2.6,78.06,0.29,2.98,11698,50.8
660,2,632,2.6,78.07,0.29,2.98,11698,50.3
661,2,633,2.5,78.08,0.29,2.98,11698,49.8
662,2,634,2.4,78.07,0.29,2.98,11698,49.3
663,2,634,2.3,78.06,0.29,2.98,11698,48.8
664,2,635,2.2,78.04,0.29,2.98,11698,48.3
665,2,635,2.1,78.00,0.29,2.98,11698,47.8
666,2,636,2,77.96,0.29,2.98,11698,47.3
667,2,636,1.9,77.90,0.29,2.98,11698,46.8
668,2,637,1.8,77.84,0.29,2.98,11698,46.3
669,2,638,1.7,77.77,0.29,2.98,11698,45.8
670,2,638,1.6,77.68,0.29,2.98,11698,45.3
671,2,639,1.6,77.59,0.29,2.98,11698,44.8
672,2,639,1.5,77.48,0.29,2.98,11698,44.3
673,2,640,1.4,77.37,0.29,2.98,11698,43.8
674,2,641,1.3,77.25,0.29,2.98,11698,43.3
675,2,641,1.2,77.11,0.29,2.98,11698,42.8
676,2,642,1.1,76.97,0.29,2.98,11698,42.3
677,2,643,1,76.81,0.29,2.98,11698,41.8
678,2,643,0.9,76.65,0.29,2.98,11698,41.8
679,2,643,0.9,76.49,0.29,2.98,11698,41.8
680,2,643,0.9,76.32,0.29,2.98,11698,41.8
681,2,643,0.9,76.16,0.29,2.98,11698,41.8
682,2,642,1,75.99,0.29,2.98,11698,41.8
683,2,642,1,75.83,0.29,2.98,11698,41.8
684,2,642,1,75.67,0.29,2.98,11698,41.8
685,2,642,1,75.50,0.29,2.98,11698,41.8
686,2,642,1,75.34,0.29,2.98,11698,41.8
687,2,642,1.1,75.17,0.29,2.98,11698,41.8
688,2,642,1.1,75.01,0.29,2.98,11698,41.8
689,2,641,1.1,74.85,0.29,2.98,11698,41.8
690,2,641,1.1,74.68,0.29,2.98,11698,41.8
691,2,641,1.2,74.52,0.29,2.98,11698,41.8
692,2,641,1.2,74.35,0.29,2.98,11698,41.8
693,2,641,1.2,74.19,0.29,2.98,11698,41.8
694,2,641,1.2,74.03,0.29,2.98,11698,41.8
695,2,640,1.2,73.86,0.29,2.98,11698,41.8
696,2,640,1.3,73.70,0.29,2.98,11698,41.8
697,2,640,1.3,73.53,0.29,2.98,11698,41.8
698,2,640,1.3,73.37,0.29,2.98,11698,41.8
699,2,640,1.3,73.21,0.29,2.98,11698,41.8
700,2,640,1.4,73.04,0.29,2.98,11698,41.8
701,2,639,1.4,72.88,0.29,2.98,11698,41.8
702,2,639,1.4,72.71,0.29,2.98,11698,41.8
703,2,639,1.4,72.55,0.29,2.98,11698,41.8
704,2,639,1.4,72.39,0.29,2.98,11698,41.8
705,2,639,1.5,72.22,0.29,2.98,11698,41.8
706,2,639,1.5,72.06,0.29,2.98,11698,41.8
707,2,638,1.5,71.89,0.29,2.98,11698,41.8
708,2,638,1.5,71.73,0.29,2.98,11698,41.8
709,2,638,1.6,71.57,0.29,2.98,11698,41.8
710,2,638,1.6,71.40,0.29,2.98,11698,41.8
711,2,638,1.6,71.24,0.29,2.98,11698,41.8
712,2,638,1.6,71.07,0.29,2.98,11698,41.8
713,2,637,1.6,70.91,0.29,2.98,11698,41.8
714,2,637,1.7,70.75,0.29,2.98,11698,41.8
715,2,637,1.7,70.58,0.29,2.98,11698,41.8
716,2,637,1.7,70.42,0.29,2.98,11698,41.8
717,2,637,1.7,70.25,0.29,2.98,11698,41.8
718,2,637,1.8,70.09,0.29,2.98,11698,41.8
719,2,636,1.8,69.93,0.29,2.98,11698,41.8
720,2,636,1.8,69.76,0.29,2.98,11698,41.8
721,2,636,1.8,69.60,0.29,2.98,11698,41.8
722,2,636,1.8,69.43,0.29,2.98,11698,41.8
723,2,636,1.9,69.27,0.29,2.98,11698,41.8
724,2,636,1.9,69.11,0.29,2.98,11698,41.8
725,2,635,1.9,68.94,0.29,2.98,11698,41.8
726,2,635,1.9,68.78,0.29,2.98,11698,41.8
727,2,635,2,68.61,0.29,2.98,11698,41.8
728,2,635,2,68.45,0.29,2.98,11698,41.8
729,2,635,2,68.29,0.29,2.98,11698,41.8
730,2,635,2,68.12,0.29,2.98,11698,41.8
731,2,634,2.1,67.96,0.29,2.98,11698,41.8
732,2,634,2.1,67.79,0.29,2.98,11698,41.8
733,2,634,2.1,67.63,0.29,2.98,11698,41.8
734,2,634,2.1,67.47,0.29,2.98,11698,41.8
735,2,634,2.1,67.30,0.29,2.98,11698,41.8
736,2,634,2.2,67.14,0.29,2.98,11698,41.8
737,2,633,2.2,66.97,0.29,2.98,11698,41.8
738,2,633,2.2,66.81,0.29,2.98,11698,41.8
739,2,633,2.2,66.65,0.29,2.98,11698,41.8
740,2,633,2.3,66.48,0.29,2.98,11698,41.8
741,2,633,2.3,66.32,0.29,2.98,11698,41.8
742,2,633,2.3,66.15,0.29,2.98,11698,41.8
743,2,632,2.3,65.99,0.29,2.98,11698,41.8
744,2,632,2.3,65.83,0.29,2.98,11698,41.8
745,2,632,2.4,65.66,0.29,2.98,11698,41.8
746,2,632,2.4,65.50,0.29,2.98,11698,41.8
747,2,632,2.4,65.33,0.29,2.98,11698,41.8
748,2,632,2.4,65.17,0.29,2.98,11698,41.8
749,2,632,2.5,65.01,0.29,2.98,11698,41.8
750,2,631,2.5,64.84,0.29,2.98,11698,41.8
751,2,631,2.5,64.68,0.29,2.98,11698,41.8
752,2,631,2.5,64.51,0.29,2.98,11698,41.8
753,2,631,2.5,64.35,0.29,2.98,11698,41.8
754,2,631,2.6,64.19,0.29,2.98,11698,41.8
755,2,631,2.6,64.02,0.29,2.98,11698,41.8
756,2,630,2.6,63.86,0.29,2.98,11698,41.8
757,2,630,2.6,63.69,0.29,2.98,11698,41.8
758,2,630,2.7,63.53,0.29,2.98,11698,41.8
759,2,630,2.7,63.37,0.29,2.98,11698,41.8
760,2,630,2.7,63.20,0.29,2.98,11698,41.8
761,2,630,2.7,63.04,0.29,2.98,11698,41.8
762,2,629,2.7,62.87,0.29,2.98,11698,41.8
763,2,629,2.8,62.71,0.29,2.98,11698,41.8
764,2,629,2.8,62.55,0.29,2.98,11698,41.8
765,2,629,2.8,62.38,0.29,2.98,11698,41.8
766,2,629,2.8,62.22,0.29,2.98,11698,41.8
767,2,629,2.9,62.05,0.29,2.98,11698,41.8
768,2,628,2.9,61.89,0.29,2.98,11698,41.8
769,2,628,2.9,61.73,0.29,2.98,11698,41.8
770,2,628,2.9,61.56,0.29,2.98,11698,41.8
771,2,628,2.9,61.40,0.29,2.98,11698,41.8
772,2,628,3,61.23,0.29,2.98,11698,41.8
773,2,628,3,61.07,0.29,2.98,11698,41.8
774,2,627,3,60.91,0.29,2.98,11698,41.8
775,2,627,3,60.74,0.29,2.98,11698,41.8
776,2,627,3.1,60.58,0.29,2.98,11698,41.8
777,2,627,3.1,60.41,0.29,2.98,11698,41.8
778,2,627,3.1,60.25,0.29,2.98,11698,41.8
779,2,627,3.1,60.09,0.29,2.98,11698,41.8
780,2,626,3.2,59.92,0.29,2.98,11698,41.8
781,2,626,3.2,59.76,0.29,2.98,11698,41.8
782,2,626,3.2,59.59,0.29,2.98,11698,41.8
783,2,626,3.2,59.43,0.29,2.98,11698,41.8
784,2,626,3.2,59.27,0.29,2.98,11698,41.8
785,2,626,3.3,59.10,0.29,2.98,11698,41.8
786,2,625,3.3,58.94,0.29,2.98,11698,41.8
787,2,625,3.3,58.77,0.29,2.98,11698,41.8
788,2,625,3.3,58.61,0.29,2.98,11698,41.8
789,2,625,3.4,58.45,0.29,2.98,11698,41.8
790,2,625,3.4,58.28,0.29,2.98,11698,41.8
791,2,625,3.4,58.12,0.29,2.98,11698,41.8
792,2,624,3.4,57.95,0.29,2.98,11698,41.8
793,2,624,3.4,57.79,0.29,2.98,11698,41.8
794,2,624,3.5,57.63,0.29,2.98,11698,41.8
795,2,624,3.5,57.46,0.29,2.98,11698,41.8
796,2,624,3.5,57.30,0.29,2.98,11698,41.8
797,2,624,3.5,57.13,0.29,2.98,11698,41.8
798,2,623,3.6,56.97,0.29,2.98,11698,41.8
799,2,623,3.6,56.81,0.29,2.98,11698,41.8
800,2,623,3.6,56.64,0.29,2.98,11698,41.9
801,2,623,3.6,56.48,0.29,2.98,11698,42.0
802,2,622,3.7,56.32,0.29,2.98,11698,42.1
803,2,622,3.7,56.16,0.29,2.98,11698,42.2
804,2,622,3.8,56.01,0.29,2.98,11698,42.3
805,2,622,3.8,55.85,0.29,2.98,11698,42.4
806,2,621,3.8,55.70,0.29,2.98,11698,42.5
807,2,621,3.9,55.55,0.29,2.98,11698,42.6
808,2,621,3.9,55.40,0.29,2.98,11698,42.7
809,2,620,4,55.26,0.29,2.98,11698,42.8
810,2,620,4,55.11,0.29,2.98,11698,42.9
811,2,620,4,54.97,0.29,2.98,11698,43.0
812,2,619,4.1,54.83,0.29,2.98,11698,43.1
813,2,619,4.1,54.69,0.29,2.98,11698,43.2
814,2,619,4.1,54.56,0.29,2.98,11698,43.3
815,2,619,4.2,54.42,0.29,2.98,11698,43.4
816,2,618,4.2,54.29,0.29,2.98,11698,43.5
817,2,618,4.2,54.16,0.29,2.98,11698,43.6
818,2,618,4.3,54.03,0.29,2.98,11698,43.7
819,2,617,4.3,53.91,0.29,2.98,11698,43.8
820,2,617,4.3,53.78,0.29,2.98,11698,43.9
821,2,617,4.4,53.66,0.29,2.98,11698,44.0
822,2,617,4.4,53.54,0.29,2.98,11698,44.1
823,2,616,4.4,53.42,0.29,2.98,11698,44.2
824,2,616,4.5,53.31,0.29,2.98,11698,44.3
825,2,616,4.5,53.19,0.29,2.98,11698,44.4
826,2,616,4.5,53.08,0.29,2.98,11698,44.5
827,2,615,4.5,52.97,0.29,2.98,11698,44.6
828,2,615,4.6,52.86,0.29,2.98,11698,44.7
829,2,615,4.6,52.76,0.29,2.98,11698,44.8
830,2,615,4.6,52.65,0.29,2.98,11698,44.9
831,2,614,4.7,52.55,0.29,2.98,11698,45.0
832,2,614,4.7,52.45,0.29,2.98,11698,45.1
833,2,614,4.7,52.35,0.29,2.98,11698,45.2
834,2,614,4.7,52.26,0.29,2.98,11698,45.3
835,2,613,4.8,52.16,0.29,2.98,11698,45.4
836,2,613,4.8,52.07,0.29,2.98,11698,45.5
837,2,613,4.8,51.98,0.29,2.98,11698,45.6
838,2,613,4.8,51.89,0.29,2.98,11698,45.7
839,2,612,4.9,51.81,0.29,2.98,11698,45.8
840,2,612,4.9,51.72,0.29,2.98,11698,45.9
841,2,612,4.9,51.64,0.29,2.98,11698,46.0
842,2,612,4.9,51.56,0.29,2.98,11698,46.1
843,2,612,5,51.48,0.29,2.98,11698,46.2
844,2,611,5,51.41,0.29,2.98,11698,46.3
845,2,611,5,51.33,0.29,2.98,11698,46.4
846,2,611,5,51.26,0.29,2.98,11698,46.5
847,2,611,5.1,51.19,0.29,2.98,11698,46.6
848,2,611,5.1,51.12,0.29,2.98,11698,46.7
849,2,610,5.1,51.06,0.29,2.98,11698,46.8
850,2,610,5.1,50.99,0.29,2.98,11698,46.9
851,2,610,5.1,50.93,0.29,2.98,11698,47.0
852,2,610,5.2,50.87,0.29,2.98,11698,47.1
853,2,610,5.2,50.81,0.29,2.98,11698,47.2
854,2,609,5.2,50.76,0.29,2.98,11698,47.3
855,2,609,5.2,50.70,0.29,2.98,11698,47.4
856,2,609,5.2,50.65,0.29,2.98,11698,47.5
857,2,609,5.3,50.60,0.29,2.98,11698,47.6
858,2,609,5.3,50.55,0.29,2.98,11698,47.7
859,2,609,5.3,50.51,0.29,2.98,11698,47.8
860,2,608,5.3,50.46,0.29,2.98,11698,47.9
861,2,608,5.3,50.42,0.29,2.98,11698,48.0
862,2,608,5.3,50.38,0.29,2.98,11698,48.1
863,2,608,5.4,50.34,0.29,2.98,11698,48.2
864,2,608,5.4,50.31,0.29,2.98,11698,48.3
865,2,608,5.4,50.27,0.29,2.98,11698,48.4
866,2,607,5.4,50.24,0.29,2.98,11698,48.5
867,2,607,5.4,50.21,0.29,2.98,11698,48.6
868,2,607,5.4,50.18,0.29,2.98,11698,48.7
869,2,607,5.5,50.16,0.29,2.98,11698,48.8
870,2,607,5.5,50.13,0.29,2.98,11698,48.9
871,2,607,5.5,50.11,0.29,2.98,11698,49.0
872,2,607,5.5,50.09,0.29,2.98,11698,49.1
873,2,606,5.5,50.07,0.29,2.98,11698,49.2
874,2,606,5.5,50.06,0.29,2.98,11698,49.3
875,2,606,5.5,50.04,0.29,2.98,11698,49.4
876,2,606,5.6,50.03,0.29,2.98,11698,49.5
877,2,606,5.6,50.02,0.29,2.98,11698,49.6
878,2,606,5.6,50.01,0.29,2.98,11698,49.7
879,2,606,5.6,50.01,0.29,2.98,11698,49.8
880,2,606,5.6,50.00,0.29,2.98,11698,49.9
881,2,605,5.6,50.00,0.29,2.98,11698,50.0
882,2,605,5.6,50.00,0.29,2.98,11698,50.1
883,2,605,5.6,50.00,0.29,2.98,11698,50.2
884,2,605,5.7,50.01,0.29,2.98,11698,50.3
885,2,605,5.7,50.01,0.29,2.98,11698,50.4
886,2,605,5.7,50.02,0.29,2.98,11698,50.5
887,2,605,5.7,50.03,0.29,2.98,11698,50.6
888,2,605,5.7,50.04,0.29,2.98,11698,50.7
889,2,605,5.7,50.06,0.29,2.98,11698,50.8
890,2,604,5.7,50.07,0.29,2.98,11698,50.9
891,2,604,5.7,50.09,0.29,2.98,11698,51.0
892,2,604,5.7,50.11,0.29,2.98,11698,51.1
893,2,604,5.7,50.13,0.29,2.98,11698,51.2
894,2,604,5.7,50.16,0.29,2.98,11698,51.3
895,2,604,5.8,50.18,0.29,2.98,11698,51.4
896,2,604,5.8,50.21,0.29,2.98,11698,51.5
897,2,604,5.8,50.24,0.29,2.98,11698,51.6
898,2,604,5.8,50.27,0.29,2.98,11698,51.7
899,2,604,5.8,50.31,0.29,2.98,11698,51.8
900,2,604,5.8,50.34,0.29,2.98,11698,51.9
901,2,604,5.8,50.38,0.29,2.98,11698,52.0
902,2,603,5.8,50.42,0.29,2.98,11698,52.1
903,2,603,5.8,50.46,0.29,2.98,11698,52.2
904,2,603,5.8,50.51,0.29,2.98,11698,52.3
905,2,603,5.8,50.55,0.29,2.98,11698,52.4
906,2,603,5.8,50.60,0.29,2.98,11698,52.5
907,2,603,5.8,50.65,0.29,2.98,11698,52.6
908,2,603,5.8,50.70,0.29,2.98,11698,52.7
909,2,603,5.8,50.76,0.29,2.98,11698,52.8
910,2,603,5.8,50.81,0.29,2.98,11698,52.9
911,2,603,5.9,50.87,0.29,2.98,11698,53.0
912,2,603,5.9,50.93,0.29,2.98,11698,53.1
913,2,603,5.9,50.99,0.29,2.98,11698,53.2
914,2,603,5.9,51.06,0.29,2.98,11698,53.3
915,2,603,5.9,51.12,0.29,2.98,11698,53.4
916,2,603,5.9,51.19,0.29,2.98,11698,53.5
917,2,603,5.9,51.26,0.29,2.98,11698,53.6
918,2,603,5.9,51.33,0.29,2.98,11698,53.7
919,2,603,5.9,51.41,0.29,2.98,11698,53.8
920,2,603,5.9,51.48,0.29,2.98,11698,53.9
921,2,603,5.9,51.56,0.29,2.98,11698,54.0
922,2,603,5.9,51.64,0.29,2.98,11698,54.1
923,2,603,5.9,51.72,0.29,2.98,11698,54.2
924,2,603,5.9,51.81,0.29,2.98,11698,54.3
925,2,603,5.9,51.89,0.29,2.98,11698,54.4
926,2,603,5.9,51.98,0.29,2.98,11698,54.5
927,2,603,5.9,52.07,0.29,2.98,11698,54.6
928,2,603,5.9,52.16,0.29,2.98,11698,54.7
929,2,603,5.9,52.26,0.29,2.98,11698,54.8
930,2,603,5.9,52.35,0.29,2.98,11698,54.9
931,2,603,5.9,52.45,0.29,2.98,11698,55.0
932,2,603,5.9,52.55,0.29,2.98,11698,55.1
933,2,603,5.9,52.65,0.29,2.98,11698,55.2
934,2,603,5.9,52.76,0.29,2.98,11698,55.3
935,2,603,5.9,52.86,0.29,2.98,11698,55.4
936,2,603,5.9,52.97,0.29,2.98,11698,55.5
937,2,603,5.9,53.08,0.29,2.98,11698,55.6
938,2,603,5.9,53.19,0.29,2.98,11698,55.7
939,2,603,5.9,53.31,0.29,2.98,11698,55.8
940,2,603,5.9,53.42,0.29,2.98,11698,55.9
941,2,603,5.9,53.54,0.29,2.98,11698,56.0
942,2,603,5.9,53.66,0.29,2.98,11698,56.1
943,2,603,5.9,53.78,0.29,2.98,11698,56.2
944,2,603,5.9,53.91,0.29,2.98,11698,56.3
945,2,603,5.9,54.03,0.29,2.98,11698,56.4
946,2,603,5.9,54.16,0.29,2.98,11698,56.5
947,2,603,5.9,54.29,0.29,2.98,11698,56.6
948,2,603,5.9,54.42,0.29,2.98,11698,56.7
949,2,603,5.8,54.56,0.29,2.98,11698,56.8
950,2,603,5.8,54.69,0.29,2.98,11698,56.9
951,2,603,5.8,54.83,0.29,2.98,11698,57.0
952,2,603,5.8,54.97,0.29,2.98,11698,57.1
953,2,603,5.8,55.11,0.29,2.98,11698,57.2
954,2,603,5.8,55.26,0.29,2.98,11698,57.3
955,2,603,5.8,55.40,0.29,2.98,11698,57.4
956,2,603,5.8,55.55,0.29,2.98,11698,57.5
957,2,604,5.8,55.70,0.29,2.98,11698,57.6
958,2,604,5.8,55.85,0.29,2.98,11698,57.7
959,2,604,5.8,56.01,0.29,2.98,11698,57.8
960,2,604,5.8,56.16,0.29,2.98,11698,57.9
961,2,604,5.8,56.32,0.29,2.98,11698,58.0
962,2,604,5.8,56.48,0.29,2.98,11698,58.1
963,2,604,5.8,56.64,0.29,2.98,11698,58.2
964,2,604,5.8,56.81,0.29,2.98,11698,58.2
965,2,604,5.8,56.97,0.29,2.98,11698,58.2
966,2,604,5.7,57.13,0.29,2.98,11698,58.2
967,2,605,5.7,57.30,0.29,2.98,11698,58.2
968,2,605,5.7,57.46,0.29,2.98,11698,58.2
969,2,605,5.7,57.63,0.29,2.98,11698,58.2
970,2,605,5.7,57.79,0.29,2.98,11698,58.2
971,2,605,5.7,57.95,0.29,2.98,11698,58.2
972,2,605,5.6,58.12,0.29,2.98,11698,58.2
973,2,605,5.6,58.28,0.29,2.98,11698,58.2
974,2,606,5.6,58.45,0.29,2.98,11698,58.2
975,2,606,5.6,58.61,0.29,2.98,11698,58.2
976,2,606,5.6,58.77,0.29,2.98,11698,58.2
977,2,606,5.6,58.94,0.29,2.98,11698,58.2
978,2,606,5.5,59.10,0.29,2.98,11698,58.2
979,2,606,5.5,59.27,0.29,2.98,11698,58.2
980,2,607,5.5,59.43,0.29,2.98,11698,58.2
981,2,607,5.5,59.59,0.29,2.98,11698,58.2
982,2,607,5.5,59.76,0.29,2.98,11698,58.2
983,2,607,5.5,59.92,0.29,2.98,11698,58.2
984,2,607,5.4,60.09,0.29,2.98,11698,58.2
985,2,607,5.4,60.25,0.29,2.98,11698,58.2
986,2,608,5.4,60.41,0.29,2.98,11698,58.2
987,2,608,5.4,60.58,0.29,2.98,11698,58.2
988,2,608,5.4,60.74,0.29,2.98,11698,58.2
989,2,608,5.4,60.91,0.29,2.98,11698,58.2
990,2,608,5.4,61.07,0.29,2.98,11698,58.2
991,2,608,5.3,61.23,0.29,2.98,11698,58.2
992,2,609,5.3,61.40,0.29,2.98,11698,58.2
993,2,609,5.3,61.56,0.29,2.98,11698,58.2
994,2,609,5.3,61.73,0.29,2.98,11698,58.2
995,2,609,5.3,61.89,0.29,2.98,11698,58.2
996,2,609,5.3,62.05,0.29,2.98,11698,58.2
997,2,609,5.2,62.22,0.29,2.98,11698,58.2
998,2,610,5.2,62.38,0.29,2.98,11698,58.2
999,2,610,5.2,62.55,0.29,2.98,11698,58.2
1000,2,610,5.2,62.71,0.29,2.98,11698,58.2
1001,2,610,5.2,62.87,0.29,2.98,11698,58.2
1002,2,610,5.2,63.04,0.29,2.98,11698,58.2
1003,2,610,5.1,63.20,0.29,2.98,11698,58.2
1004,2,611,5.1,63.37,0.29,2.98,11698,58.2
1005,2,611,5.1,63.53,0.29,2.98,11698,58.2
1006,2,611,5.1,63.69,0.29,2.98,11698,58.2
1007,2,611,5.1,63.86,0.29,2.98,11698,58.2
1008,2,611,5.1,64.02,0.29,2.98,11698,58.2
1009,2,611,5,64.19,0.29,2.98,11698,58.2
1010,2,612,5,64.35,0.29,2.98,11698,58.2
1011,2,612,5,64.51,0.29,2.98,11698,58.2
1012,2,612,5,64.68,0.29,2.98,11698,58.2
1013,2,612,5,64.84,0.29,2.98,11698,58.2
1014,2,612,5,65.01,0.29,2.98,11698,58.2
1015,2,612,4.9,65.17,0.29,2.98,11698,58.2
1016,2,613,4.9,65.33,0.29,2.98,11698,58.2
1017,2,613,4.9,65.50,0.29,2.98,11698,58.2
1018,2,613,4.9,65.66,0.29,2.98,11698,58.2
1019,2,613,4.9,65.83,0.29,2.98,11698,58.2
1020,2,613,4.9,65.99,0.29,2.98,11698,58.2
1021,2,613,4.9,66.15,0.29,2.98,11698,58.2
1022,2,614,4.8,66.32,0.29,2.98,11698,58.2
1023,2,614,4.8,66.48,0.29,2.98,11698,58.2
1024,2,614,4.8,66.65,0.29,2.98,11698,58.2
1025,2,614,4.8,66.81,0.29,2.98,11698,58.2
1026,2,614,4.8,66.97,0.29,2.98,11698,58.2
1027,2,614,4.8,67.14,0.29,2.98,11698,58.2
1028,2,615,4.7,67.30,0.29,2.98,11698,58.2
1029,2,615,4.7,67.47,0.29,2.98,11698,58.2
1030,2,615,4.7,67.63,0.29,2.98,11698,58.2
1031,2,615,4.7,67.79,0.29,2.98,11698,58.2
1032,2,615,4.7,67.96,0.29,2.98,11698,58.2
1033,2,615,4.7,68.12,0.29,2.98,11698,58.2
1034,2,616,4.6,68.29,0.29,2.98,11698,58.2
1035,2,616,4.6,68.45,0.29,2.98,11698,58.2
1036,2,616,4.6,68.61,0.29,2.98,11698,58.2
1037,2,616,4.6,68.78,0.29,2.98,11698,58.2
1038,2,616,4.6,68.94,0.29,2.98,11698,58.2
1039,2,616,4.6,69.11,0.29,2.98,11698,58.2
1040,2,616,4.5,69.27,0.29,2.98,11698,58.2
1041,2,617,4.5,69.43,0.29,2.98,11698,58.2
1042,2,617,4.5,69.60,0.29,2.98,11698,58.2
1043,2,617,4.5,69.76,0.29,2.98,11698,58.2
1044,2,617,4.5,69.93,0.29,2.98,11698,58.2
1045,2,617,4.5,70.09,0.29,2.98,11698,58.2
1046,2,617,4.4,70.25,0.29,2.98,11698,58.2
1047,2,618,4.4,70.42,0.29,2.98,11698,58.2
1048,2,618,4.4,70.58,0.29,2.98,11698,58.2
1049,2,618,4.4,70.75,0.29,2.98,11698,58.2
1050,2,618,4.4,70.91,0.29,2.98,11698,58.2
1051,2,618,4.4,71.07,0.29,2.98,11698,58.2
1052,2,618,4.4,71.24,0.29,2.98,11698,58.2
1053,2,619,4.3,71.40,0.29,2.98,11698,58.2
1054,2,619,4.3,71.57,0.29,2.98,11698,58.2
1055,2,619,4.3,71.73,0.29,2.98,11698,58.2
1056,2,619,4.3,71.89,0.29,2.98,11698,58.2
1057,2,619,4.3,72.06,0.29,2.98,11698,58.2
1058,2,619,4.3,72.22,0.29,2.98,11698,58.2
1059,2,620,4.2,72.39,0.29,2.98,11698,58.2
1060,2,620,4.2,72.55,0.29,2.98,11698,58.2
1061,2,620,4.2,72.71,0.29,2.98,11698,58.2
1062,2,620,4.2,72.88,0.29,2.98,11698,58.2
1063,2,620,4.2,73.04,0.29,2.98,11698,58.2
1064,2,620,4.2,73.21,0.29,2.98,11698,58.2
1065,2,621,4.1,73.37,0.29,2.98,11698,58.2
1066,2,621,4.1,73.53,0.29,2.98,11698,58.2
1067,2,621,4.1,73.70,0.29,2.98,11698,58.2
1068,2,621,4.1,73.86,0.29,2.98,11698,58.2
1069,2,621,4.1,74.03,0.29,2.98,11698,58.2
1070,2,621,4.1,74.19,0.29,2.98,11698,58.2
1071,2,622,4,74.35,0.29,2.98,11698,58.2
1072,2,622,4,74.52,0.29,2.98,11698,58.2
1073,2,622,4,74.68,0.29,2.98,11698,58.2
1074,2,622,4,74.85,0.29,2.98,11698,58.2
1075,2,622,4,75.01,0.29,2.98,11698,58.2
1076,2,622,4,75.17,0.29,2.98,11698,58.2
1077,2,623,3.9,75.34,0.29,2.98,11698,58.2
1078,2,623,3.9,75.50,0.29,2.98,11698,58.2
1079,2,623,3.9,75.67,0.29,2.98,11698,58.2
1080,2,623,3.9,75.83,0.29,2.98,11698,58.2
1081,2,623,3.9,75.99,0.29,2.98,11698,58.2
1082,2,623,3.9,76.16,0.29,2.98,11698,58.2
1083,2,624,3.9,76.32,0.29,2.98,11698,58.2
1084,2,624,3.8,76.49,0.29,2.98,11698,58.2
1085,2,624,3.8,76.65,0.29,2.98,11698,58.2
1086,2,624,3.8,76.81,0.29,2.98,11698,57.7
1087,2,625,3.7,76.97,0.29,2.98,11698,57.2
1088,2,625,3.6,77.11,0.29,2.98,11698,56.7
1089,2,626,3.6,77.25,0.29,2.98,11698,56.2
1090,2,626,3.5,77.37,0.29,2.98,11698,55.7
1091,2,627,3.4,77.48,0.29,2.98,11698,55.2
1092,2,627,3.3,77.59,0.29,2.98,11698,54.7
1093,2,628,3.2,77.68,0.29,2.98,11698,54.2
1094,2,629,3.1,77.77,0.29,2.98,11698,53.7
1095,2,629,3.1,77.84,0.29,2.98,11698,53.2
1096,2,630,3,77.90,0.29,2.98,11698,52.7
1097,2,630,2.9,77.96,0.29,2.98,11698,52.2
1098,2,631,2.8,78.00,0.29,2.98,11698,51.7
1099,2,631,2.7,78.04,0.29,2.98,11698,51.2
1100,2,632,2.6,78.06,0.29,2.98,11698,50.7
1101,2,633,2.5,78.07,0.29,2.98,11698,50.2
1102,2,633,2.5,78.08,0.29,2.98,11698,49.7
1103,2,634,2.4,78.07,0.29,2.98,11698,49.2
1104,2,634,2.3,78.06,0.29,2.98,11698,48.7
1105,2,635,2.2,78.03,0.29,2.98,11698,48.2
1106,2,635,2.1,77.99,0.29,2.98,11698,47.7
1107,2,636,2,77.95,0.29,2.98,11698,47.2
1108,2,637,1.9,77.89,0.29,2.98,11698,46.7
1109,2,637,1.8,77.83,0.29,2.98,11698,46.2
1110,2,638,1.7,77.75,0.29,2.98,11698,45.7
1111,2,638,1.6,77.66,0.29,2.98,11698,45.2
1112,2,639,1.5,77.57,0.29,2.98,11698,44.7
1113,2,640,1.4,77.46,0.29,2.98,11698,44.2
1114,2,640,1.3,77.35,0.29,2.98,11698,43.7
1115,2,641,1.2,77.22,0.29,2.98,11698,43.2
1116,2,641,1.1,77.08,0.29,2.98,11698,42.7
1117,2,642,1,76.94,0.29,2.98,11698,42.2
1118,2,643,0.9,76.78,0.29,2.98,11698,41.7
1119,2,643,0.8,76.62,0.29,2.98,11698,41.7
1120,2,643,0.9,76.45,0.29,2.98,11698,41.7
1121,2,643,0.9,76.28,0.29,2.98,11698,41.7
1122,2,643,0.9,76.12,0.29,2.98,11698,41.7
1123,2,643,0.9,75.95,0.29,2.98,11698,41.7
1124,2,642,1,75.79,0.29,2.98,11698,41.7
1125,2,642,1,75.62,0.29,2.98,11698,41.7
1126,2,642,1,75.45,0.29,2.98,11698,41.7
1127,2,642,1,75.29,0.29,2.98,11698,41.7
1128,2,642,1,75.12,0.29,2.98,11698,41.7
1129,2,642,1.1,74.96,0.29,2.98,11698,41.7
1130,2,641,1.1,74.79,0.29,2.98,11698,41.7
1131,2,641,1.1,74.62,0.29,2.98,11698,41.7
1132,2,641,1.1,74.46,0.29,2.98,11698,41.7
1133,2,641,1.2,74.29,0.29,2.98,11698,41.7
1134,2,641,1.2,74.13,0.29,2.98,11698,41.7
1135,2,641,1.2,73.96,0.29,2.98,11698,41.7
1136,2,640,1.2,73.79,0.29,2.98,11698,41.7
1137,2,640,1.3,73.63,0.29,2.98,11698,41.7
1138,2,640,1.3,73.46,0.29,2.98,11698,41.7
1139,2,640,1.3,73.30,0.29,2.98,11698,41.7
1140,2,640,1.3,73.13,0.29,2.98,11698,41.7
1141,2,640,1.3,72.96,0.29,2.98,11698,41.7
1142,2,639,1.4,72.80,0.29,2.98,11698,41.7
1143,2,639,1.4,72.63,0.29,2.98,11698,41.7
1144,2,639,1.4,72.47,0.29,2.98,11698,41.7
1145,2,639,1.4,72.30,0.29,2.98,11698,41.7
1146,2,639,1.5,72.13,0.29,2.98,11698,41.7
1147,2,639,1.5,71.97,0.29,2.98,11698,41.7
1148,2,638,1.5,71.80,0.29,2.98,11698,41.7
1149,2,638,1.5,71.64,0.29,2.98,11698,41.7
1150,2,638,1.5,71.47,0.29,2.98,11698,41.7
1151,2,638,1.6,71.30,0.29,2.98,11698,41.7
1152,2,638,1.6,71.14,0.29,2.98,11698,41.7
1153,2,638,1.6,70.97,0.29,2.98,11698,41.7
1154,2,637,1.6,70.81,0.29,2.98,11698,41.7
1155,2,637,1.7,70.64,0.29,2.98,11698,41.7
1156,2,637,1.7,70.47,0.29,2.98,11698,41.7
1157,2,637,1.7,70.31,0.29,2.98,11698,41.7
1158,2,637,1.7,70.14,0.29,2.98,11698,41.7
1159,2,637,1.8,69.98,0.29,2.98,11698,41.7
1160,2,636,1.8,69.81,0.29,2.98,11698,41.7
1161,2,636,1.8,69.64,0.29,2.98,11698,41.7
1162,2,636,1.8,69.48,0.29,2.98,11698,41.7
1163,2,636,1.8,69.31,0.29,2.98,11698,41.7
1164,2,636,1.9,69.15,0.29,2.98,11698,41.7
1165,2,636,1.9,68.98,0.29,2.98,11698,41.7
1166,2,635,1.9,68.81,0.29,2.98,11698,41.7
1167,2,635,1.9,68.65,0.29,2.98,11698,41.7
1168,2,635,2,68.48,0.29,2.98,11698,41.7
1169,2,635,2,68.32,0.29,2.98,11698,41.7
1170,2,635,2,68.15,0.29,2.98,11698,41.7
1171,2,635,2,67.98,0.29,2.98,11698,41.7
1172,2,634,2,67.82,0.29,2.98,11698,41.7
1173,2,634,2.1,67.65,0.29,2.98,11698,41.7
1174,2,634,2.1,67.49,0.29,2.98,11698,41.7
1175,2,634,2.1,67.32,0.29,2.98,11698,41.7
1176,2,634,2.1,67.15,0.29,2.98,11698,41.7
1177,2,634,2.2,66.99,0.29,2.98,11698,41.7
1178,2,633,2.2,66.82,0.29,2.98,11698,41.7
1179,2,633,2.2,66.66,0.29,2.98,11698,41.7
1180,2,633,2.2,66.49,0.29,2.98,11698,41.7
1181,2,633,2.3,66.32,0.29,2.98,11698,41.7
1182,2,633,2.3,66.16,0.29,2.98,11698,41.7
1183,2,633,2.3,65.99,0.29,2.98,11698,41.7
1184,2,632,2.3,65.83,0.29,2.98,11698,41.7
1185,2,632,2.3,65.66,0.29,2.98,11698,41.7
1186,2,632,2.4,65.49,0.29,2.98,11698,41.7
1187,2,632,2.4,65.33,0.29,2.98,11698,41.7
1188,2,632,2.4,65.16,0.29,2.98,11698,41.7
1189,2,632,2.4,65.00,0.29,2.98,11698,41.7
1190,2,631,2.5,64.83,0.29,2.98,11698,41.7
1191,2,631,2.5,64.66,0.29,2.98,11698,41.7
1192,2,631,2.5,64.50,0.29,2.98,11698,41.7
1193,2,631,2.5,64.33,0.29,2.98,11698,41.7
1194,2,631,2.5,64.17,0.29,2.98,11698,41.7
1195,2,631,2.6,64.00,0.29,2.98,11698,41.7
1196,2,631,2.6,63.83,0.29,2.98,11698,41.7
1197,2,630,2.6,63.67,0.29,2.98,11698,41.7
1198,2,630,2.6,63.50,0.29,2.98,11698,41.7
1199,2,630,2.7,63.34,0.29,2.98,11698,41.7
1200,2,630,2.7,63.17,0.29,2.98,11698,41.7
1201,2,630,2.7,63.00,0.29,2.98,11698,41.7
1202,2,630,2.7,62.84,0.29,2.98,11698,41.7
1203,2,629,2.8,62.67,0.29,2.98,11698,41.7
1204,2,629,2.8,62.51,0.29,2.98,11698,41.7
1205,2,629,2.8,62.34,0.29,2.98,11698,41.7
1206,2,629,2.8,62.17,0.29,2.98,11698,41.7
1207,2,629,2.8,62.01,0.29,2.98,11698,41.7
1208,2,629,2.9,61.84,0.29,2.98,11698,41.7
1209,2,628,2.9,61.68,0.29,2.98,11698,41.7
1210,2,628,2.9,61.51,0.29,2.98,11698,41.7
1211,2,628,2.9,61.34,0.29,2.98,11698,41.7
1212,2,628,3,61.18,0.29,2.98,11698,41.7
1213,2,628,3,61.01,0.29,2.98,11698,41.7
1214,2,628,3,60.85,0.29,2.98,11698,41.7
1215,2,627,3,60.68,0.29,2.98,11698,41.7
1216,2,627,3.1,60.51,0.29,2.98,11698,41.7
1217,2,627,3.1,60.35,0.29,2.98,11698,41.7
1218,2,627,3.1,60.18,0.29,2.98,11698,41.7
1219,2,627,3.1,60.02,0.29,2.98,11698,41.7
1220,2,627,3.1,59.85,0.29,2.98,11698,41.7
1221,2,626,3.2,59.68,0.29,2.98,11698,41.7
1222,2,626,3.2,59.52,0.29,2.98,11698,41.7
1223,2,626,3.2,59.35,0.29,2.98,11698,41.7
1224,2,626,3.2,59.19,0.29,2.98,11698,41.7
1225,2,626,3.3,59.02,0.29,2.98,11698,41.7
1226,2,626,3.3,58.85,0.29,2.98,11698,41.7
1227,2,625,3.3,58.69,0.29,2.98,11698,41.7
1228,2,625,3.3,58.52,0.29,2.98,11698,41.7
1229,2,625,3.3,58.36,0.29,2.98,11698,41.7
1230,2,625,3.4,58.19,0.29,2.98,11698,41.7
1231,2,625,3.4,58.02,0.29,2.98,11698,41.7
1232,2,625,3.4,57.86,0.29,2.98,11698,41.7
1233,2,624,3.4,57.69,0.29,2.98,11698,41.7
1234,2,624,3.5,57.53,0.29,2.98,11698,41.7
1235,2,624,3.5,57.36,0.29,2.98,11698,41.7
1236,2,624,3.5,57.19,0.29,2.98,11698,41.7
1237,2,624,3.5,57.03,0.29,2.98,11698,41.7
1238,2,624,3.6,56.86,0.29,2.98,11698,41.7
1239,2,623,3.6,56.70,0.29,2.98,11698,41.7
1240,2,623,3.6,56.53,0.29,2.98,11698,41.8
1241,2,623,3.6,56.37,0.29,2.98,11698,41.9
1242,2,623,3.7,56.20,0.29,2.98,11698,42.0
1243,2,622,3.7,56.04,0.29,2.98,11698,42.1
1244,2,622,3.8,55.89,0.29,2.98,11698,42.2
1245,2,622,3.8,55.73,0.29,2.98,11698,42.3
1246,2,621,3.8,55.58,0.29,2.98,11698,42.4
1247,2,621,3.9,55.42,0.29,2.98,11698,42.5
1248,2,621,3.9,55.27,0.29,2.98,11698,42.6
1249,2,620,4,55.13,0.29,2.98,11698,42.7
1250,2,620,4,54.98,0.29,2.98,11698,42.8
1251,2,620,4,54.84,0.29,2.98,11698,42.9
1252,2,619,4.1,54.69,0.29,2.98,11698,43.0
1253,2,619,4.1,54.55,0.29,2.98,11698,43.1
1254,2,619,4.1,54.42,0.29,2.98,11698,43.2
1255,2,619,4.2,54.28,0.29,2.98,11698,43.3
1256,2,618,4.2,54.15,0.29,2.98,11698,43.4
1257,2,618,4.2,54.01,0.29,2.98,11698,43.5
1258,2,618,4.3,53.88,0.29,2.98,11698,43.6
1259,2,617,4.3,53.76,0.29,2.98,11698,43.7
1260,2,617,4.3,53.63,0.29,2.98,11698,43.8
1261,2,617,4.4,53.51,0.29,2.98,11698,43.9
1262,2,617,4.4,53.38,0.29,2.98,11698,44.0
1263,2,616,4.4,53.26,0.29,2.98,11698,44.1
1264,2,616,4.5,53.15,0.29,2.98,11698,44.2
1265,2,616,4.5,53.03,0.29,2.98,11698,44.3
1266,2,616,4.5,52.92,0.29,2.98,11698,44.4
1267,2,615,4.5,52.80,0.29,2.98,11698,44.5
1268,2,615,4.6,52.69,0.29,2.98,11698,44.6
1269,2,615,4.6,52.59,0.29,2.98,11698,44.7
1270,2,615,4.6,52.48,0.29,2.98,11698,44.8
1271,2,614,4.7,52.38,0.29,2.98,11698,44.9
1272,2,614,4.7,52.27,0.29,2.98,11698,45.0
1273,2,614,4.7,52.17,0.29,2.98,11698,45.1
1274,2,614,4.7,52.08,0.29,2.98,11698,45.2
1275,2,613,4.8,51.98,0.29,2.98,11698,45.3
1276,2,613,4.8,51.89,0.29,2.98,11698,45.4
1277,2,613,4.8,51.79,0.29,2.98,11698,45.5
1278,2,613,4.9,51.70,0.29,2.98,11698,45.6
1279,2,612,4.9,51.62,0.29,2.98,11698,45.7
1280,2,612,4.9,51.53,0.29,2.98,11698,45.8
1281,2,612,4.9,51.45,0.29,2.98,11698,45.9
1282,2,612,5,51.36,0.29,2.98,11698,46.0
1283,2,612,5,51.28,0.29,2.98,11698,46.1
1284,2,611,5,51.21,0.29,2.98,11698,46.2
1285,2,611,5,51.13,0.29,2.98,11698,46.3
1286,2,611,5,51.06,0.29,2.98,11698,46.4
1287,2,611,5.1,50.98,0.29,2.98,11698,46.5
1288,2,610,5.1,50.91,0.29,2.98,11698,46.6
1289,2,610,5.1,50.85,0.29,2.98,11698,46.7
1290,2,610,5.1,50.78,0.29,2.98,11698,46.8
1291,2,610,5.2,50.72,0.29,2.98,11698,46.9
1292,2,610,5.2,50.65,0.29,2.98,11698,47.0
1293,2,610,5.2,50.59,0.29,2.98,11698,47.1
1294,2,609,5.2,50.54,0.29,2.98,11698,47.2
1295,2,609,5.2,50.48,0.29,2.98,11698,47.3
1296,2,609,5.3,50.43,0.29,2.98,11698,47.4
1297,2,609,5.3,50.37,0.29,2.98,11698,47.5
1298,2,609,5.3,50.32,0.29,2.98,11698,47.6
1299,2,608,5.3,50.28,0.29,2.98,11698,47.7
1300,2,608,5.3,50.23,0.29,2.98,11698,47.8
1301,2,608,5.3,50.19,0.29,2.98,11698,47.9
1302,2,608,5.4,50.14,0.29,2.98,11698,48.0
1303,2,608,5.4,50.10,0.29,2.98,11698,48.1
1304,2,608,5.4,50.07,0.29,2.98,11698,48.2
1305,2,607,5.4,50.03,0.29,2.98,11698,48.3
1306,2,607,5.4,50.00,0.29,2.98,11698,48.4
1307,2,607,5.4,49.96,0.29,2.98,11698,48.5
1308,2,607,5.5,49.93,0.29,2.98,11698,48.6
1309,2,607,5.5,49.91,0.29,2.98,11698,48.7
1310,2,607,5.5,49.88,0.29,2.98,11698,48.8
1311,2,607,5.5,49.86,0.29,2.98,11698,48.9
1312,2,606,5.5,49.83,0.29,2.98,11698,49.0
1313,2,606,5.5,49.81,0.29,2.98,11698,49.1
1314,2,606,5.6,49.80,0.29,2.98,11698,49.2
1315,2,606,5.6,49.78,0.29,2.98,11698,49.3
1316,2,606,5.6,49.77,0.29,2.98,11698,49.4
1317,2,606,5.6,49.75,0.29,2.98,11698,49.5
1318,2,606,5.6,49.74,0.29,2.98,11698,49.6
1319,2,605,5.6,49.74,0.29,2.98,11698,49.7
1320,2,605,5.6,49.73,0.29,2.98,11698,49.8
1321,2,605,5.6,49.73,0.29,2.98,11698,49.9
1322,2,605,5.7,49.72,0.29,2.98,11698,50.0
1323,2,605,5.7,49.72,0.29,2.98,11698,50.1
1324,2,605,5.7,49.73,0.29,2.98,11698,50.2
1325,2,605,5.7,49.73,0.29,2.98,11698,50.3
1326,2,605,5.7,49.74,0.29,2.98,11698,50.4
1327,2,605,5.7,49.74,0.29,2.98,11698,50.5
1328,2,604,5.7,49.75,0.29,2.98,11698,50.6
1329,2,604,5.7,49.77,0.29,2.98,11698,50.7
1330,2,604,5.7,49.78,0.29,2.98,11698,50.8
1331,2,604,5.7,49.80,0.29,2.98,11698,50.9
1332,2,604,5.8,49.81,0.29,2.98,11698,51.0
1333,2,604,5.8,49.83,0.29,2.98,11698,51.1
1334,2,604,5.8,49.86,0.29,2.98,11698,51.2
1335,2,604,5.8,49.88,0.29,2.98,11698,51.3
1336,2,604,5.8,49.91,0.29,2.98,11698,51.4
1337,2,604,5.8,49.93,0.29,2.98,11698,51.5
1338,2,604,5.8,49.96,0.29,2.98,11698,51.6
1339,2,603,5.8,50.00,0.29,2.98,11698,51.7
1340,2,603,5.8,50.03,0.29,2.98,11698,51.8
1341,2,603,5.8,50.07,0.29,2.98,11698,51.9
1342,2,603,5.8,50.10,0.29,2.98,11698,52.0
1343,2,603,5.8,50.14,0.29,2.98,11698,52.1
1344,2,603,5.8,50.19,0.29,2.98,11698,52.2
1345,2,603,5.8,50.23,0.29,2.98,11698,52.3
1346,2,603,5.9,50.28,0.29,2.98,11698,52.4
1347,2,603,5.9,50.32,0.29,2.98,11698,52.5
1348,2,603,5.9,50.37,0.29,2.98,11698,52.6
1349,2,603,5.9,50.43,0.29,2.98,11698,52.7
1350,2,603,5.9,50.48,0.29,2.98,11698,52.8
1351,2,603,5.9,50.54,0.29,2.98,11698,52.9
1352,2,603,5.9,50.59,0.29,2.98,11698,53.0
1353,2,603,5.9,50.65,0.29,2.98,11698,53.1
1354,2,603,5.9,50.72,0.29,2.98,11698,53.2
1355,2,603,5.9,50.78,0.29,2.98,11698,53.3
1356,2,603,5.9,50.85,0.29,2.98,11698,53.4
1357,2,603,5.9,50.91,0.29,2.98,11698,53.5
1358,2,603,5.9,50.98,0.29,2.98,11698,53.6
1359,2,602,5.9,51.06,0.29,2.98,11698,53.7
1360,2,602,5.9,51.13,0.29,2.98,11698,53.8
1361,2,602,5.9,51.21,0.29,2.98,11698,53.9
1362,2,602,5.9,51.28,0.29,2.98,11698,54.0
1363,2,602,5.9,51.36,0.29,2.98,11698,54.1
1364,2,602,5.9,51.45,0.29,2.98,11698,54.2
1365,2,602,5.9,51.53,0.29,2.98,11698,54.3
1366,2,602,5.9,51.62,0.29,2.98,11698,54.4
1367,2,602,5.9,51.70,0.29,2.98,11698,54.5
1368,2,602,5.9,51.79,0.29,2.98,11698,54.6
1369,2,602,5.9,51.89,0.29,2.98,11698,54.7
1370,2,602,5.9,51.98,0.29,2.98,11698,54.8
1371,2,602,5.9,52.08,0.29,2.98,11698,54.9
1372,2,602,5.9,52.17,0.29,2.98,11698,55.0
1373,2,602,5.9,52.27,0.29,2.98,11698,55.1
1374,2,602,5.9,52.38,0.29,2.98,11698,55.2
1375,2,602,5.9,52.48,0.29,2.98,11698,55.3
1376,2,602,5.9,52.59,0.29,2.98,11698,55.4
1377,2,602,5.9,52.69,0.29,2.98,11698,55.5
1378,2,602,5.9,52.80,0.29,2.98,11698,55.6
1379,2,602,5.9,52.92,0.29,2.98,11698,55.7
1380,2,602,5.9,53.03,0.29,2.98,11698,55.8
1381,2,602,5.9,53.15,0.29,2.98,11698,55.9
1382,2,603,5.9,53.26,0.29,2.98,11698,56.0
1383,2,603,5.9,53.38,0.29,2.98,11698,56.1
1384,2,603,5.9,53.51,0.29,2.98,11698,56.2
1385,2,603,5.9,53.63,0.29,2.98,11698,56.3
1386,2,603,5.9,53.76,0.29,2.98,11698,56.4
1387,2,603,5.9,53.88,0.29,2.98,11698,56.5
1388,2,603,5.9,54.01,0.29,2.98,11698,56.6
1389,2,603,5.9,54.15,0.29,2.98,11698,56.7
1390,2,603,5.9,54.28,0.29,2.98,11698,56.8
1391,2,603,5.9,54.42,0.29,2.98,11698,56.9
1392,2,603,5.9,54.55,0.29,2.98,11698,57.0
1393,2,603,5.9,54.69,0.29,2.98,11698,57.1
1394,2,603,5.9,54.84,0.29,2.98,11698,57.2
1395,2,603,5.9,54.98,0.29,2.98,11698,57.3
1396,2,603,5.8,55.13,0.29,2.98,11698,57.4
1397,2,603,5.8,55.27,0.29,2.98,11698,57.5
1398,2,603,5.8,55.42,0.29,2.98,11698,57.6
1399,2,603,5.8,55.58,0.29,2.98,11698,57.7
1400,2,603,5.8,55.73,0.29,2.98,11698,57.8
1401,2,603,5.8,55.89,0.29,2.98,11698,57.9
1402,2,604,5.8,56.04,0.29,2.98,11698,58.0
1403,2,604,5.8,56.20,0.29,2.98,11698,58.1
1404,2,604,5.8,56.37,0.29,2.98,11698,58.2
1405,2,604,5.8,56.53,0.29,2.98,11698,58.3
1406,2,604,5.8,56.70,0.29,2.98,11698,58.3
1407,2,604,5.8,56.86,0.29,2.98,11698,58.3
1408,2,604,5.8,57.03,0.29,2.98,11698,58.3
1409,2,604,5.7,57.19,0.29,2.98,11698,58.3
1410,2,604,5.7,57.36,0.29,2.98,11698,58.3
1411,2,605,5.7,57.53,0.29,2.98,11698,58.3
1412,2,605,5.7,57.69,0.29,2.98,11698,58.3
1413,2,605,5.7,57.86,0.29,2.98,11698,58.3
1414,2,605,5.7,58.02,0.29,2.98,11698,58.3
1415,2,605,5.6,58.19,0.29,2.98,11698,58.3
1416,2,605,5.6,58.36,0.29,2.98,11698,58.3
1417,2,606,5.6,58.52,0.29,2.98,11698,58.3
1418,2,606,5.6,58.69,0.29,2.98,11698,58.3
1419,2,606,5.6,58.85,0.29,2.98,11698,58.3
1420,2,606,5.6,59.02,0.29,2.98,11698,58.3
1421,2,606,5.5,59.19,0.29,2.98,11698,58.3
1422,2,606,5.5,59.35,0.29,2.98,11698,58.3
1423,2,607,5.5,59.52,0.29,2.98,11698,58.3
1424,2,607,5.5,59.68,0.29,2.98,11698,58.3
1425,2,607,5.5,59.85,0.29,2.98,11698,58.3
1426,2,607,5.5,60.02,0.29,2.98,11698,58.3
1427,2,607,5.4,60.18,0.29,2.98,11698,58.3
1428,2,607,5.4,60.35,0.29,2.98,11698,58.3
1429,2,608,5.4,60.51,0.29,2.98,11698,58.3
1430,2,608,5.4,60.68,0.29,2.98,11698,58.3
1431,2,608,5.4,60.85,0.29,2.98,11698,58.3
1432,2,608,5.4,61.01,0.29,2.98,11698,58.3
1433,2,608,5.4,61.18,0.29,2.98,11698,58.3
1434,2,608,5.3,61.34,0.29,2.98,11698,58.3
1435,2,609,5.3,61.51,0.29,2.98,11698,58.3
1436,2,609,5.3,61.68,0.29,2.98,11698,58.3
1437,2,609,5.3,61.84,0.29,2.98,11698,58.3
1438,2,609,5.3,62.01,0.29,2.98,11698,58.3
1439,2,609,5.3,62.17,0.29,2.98,11698,58.3